{
	"info": {
		"_postman_id": "fd8fa98c-6bf2-477f-9bc1-accf7e9b59cf",
		"name": "RecuperacionApi",
		"schema": "https://schema.getpostman.com/json/collection/v2.1.0/collection.json",
		"_exporter_id": "41100043"
	},
	"item": [
		{
			"name": "listado Miembros",
			"request": {
				"method": "GET",
				"header": []
			},
			"response": []
		},
		{
			"name": "Alta miembro",
			"request": {
				"method": "POST",
				"header": [],
				"body": {
					"mode": "raw",
					"raw": "{\r\n    \"nombre\": \"Ranmiro\",\r\n    \"email\": \"emailpdr@email.com\",\r\n    \"telefono\": \"263445859\",\r\n    \"edad\": 23\r\n}",
					"options": {
						"raw": {
							"language": "json"
						}
					}
				},
				"url": {
					"raw": "http://localhost:3000/DWS/CarpetaExamen/miembros.php",
					"protocol": "http",
					"host": [
						"localhost"
					],
					"port": "3000",
					"path": [
						"DWS",
						"CarpetaExamen",
						"miembros.php"
					]
				}
			},
			"response": []
		},
		{
			"name": "New Request",
			"request": {
				"method": "PUT",
				"header": [],
				"body": {
					"mode": "raw",
					"raw": "{\r\n    \"id_miembro\": 4,\r\n    \"nombre\": \"mario\",\r\n    \"email\":\"email@eamil.com\",\r\n    \"telefono\": \"123456\",\r\n    \"edad\":34\r\n}",
					"options": {
						"raw": {
							"language": "json"
						}
					}
				},
				"url": {
					"raw": "http://localhost:3000/DWS/CarpetaExamen/miembros.php",
					"protocol": "http",
					"host": [
						"localhost"
					],
					"port": "3000",
					"path": [
						"DWS",
						"CarpetaExamen",
						"miembros.php"
					]
				}
			},
			"response": []
		},
		{
			"name": "Listado Libros",
			"request": {
				"method": "GET",
				"header": [],
				"url": {
					"raw": "http://localhost:3000/DWS/CarpetaExamen/libros.php",
					"protocol": "http",
					"host": [
						"localhost"
					],
					"port": "3000",
					"path": [
						"DWS",
						"CarpetaExamen",
						"libros.php"
					]
				}
			},
			"response": []
		},
		{
			"name": "New Request",
			"request": {
				"method": "DELETE",
				"header": [],
				"body": {
					"mode": "raw",
					"raw": "{\r\n    \"id_prestamo\":2\r\n}",
					"options": {
						"raw": {
							"language": "json"
						}
					}
				},
				"url": {
					"raw": "http://localhost:3000/DWS/CarpetaExamen/libros.php",
					"protocol": "http",
					"host": [
						"localhost"
					],
					"port": "3000",
					"path": [
						"DWS",
						"CarpetaExamen",
						"libros.php"
					]
				}
			},
			"response": []
		},
		{
			"name": "Borrado Miembro",
			"request": {
				"method": "DELETE",
				"header": [],
				"url": {
					"raw": "http://localhost:3000/DWS/CarpetaExamen/miembros.php",
					"protocol": "http",
					"host": [
						"localhost"
					],
					"port": "3000",
					"path": [
						"DWS",
						"CarpetaExamen",
						"miembros.php"
					]
				}
			},
			"response": []
		},
		{
			"name": "Listado libros miembro",
			"request": {
				"method": "GET",
				"header": [],
				"url": {
					"raw": "http://localhost:3000/DWS/CarpetaExamen/prestamos.php?id_miembro=3",
					"protocol": "http",
					"host": [
						"localhost"
					],
					"port": "3000",
					"path": [
						"DWS",
						"CarpetaExamen",
						"prestamos.php"
					],
					"query": [
						{
							"key": "id_miembro",
							"value": "3"
						}
					]
				}
			},
			"response": []
		}
	]
}