{
	"info": {
		"_postman_id": "d1a28cb8-d3dc-498d-be58-ab488e13a8a9",
		"name": "Equipos_deportivos",
		"schema": "https://schema.getpostman.com/json/collection/v2.1.0/collection.json",
		"_exporter_id": "41100043"
	},
	"item": [
		{
			"name": "ListadoEquipos",
			"request": {
				"method": "GET",
				"header": [],
				"url": {
					"raw": "http://localhost:3000/DWS/actividades_deportivas/ejercicio/equipos.php",
					"protocol": "http",
					"host": [
						"localhost"
					],
					"port": "3000",
					"path": [
						"DWS",
						"actividades_deportivas",
						"ejercicio",
						"equipos.php"
					],
					"query": [
						{
							"key": "",
							"value": "",
							"disabled": true
						}
					]
				}
			},
			"response": []
		},
		{
			"name": "Equipo",
			"request": {
				"method": "GET",
				"header": [],
				"url": {
					"raw": "http://localhost:3000/DWS/actividades_deportivas/ejercicio/equipos.php?id=1",
					"protocol": "http",
					"host": [
						"localhost"
					],
					"port": "3000",
					"path": [
						"DWS",
						"actividades_deportivas",
						"ejercicio",
						"equipos.php"
					],
					"query": [
						{
							"key": "id",
							"value": "1"
						}
					]
				}
			},
			"response": []
		},
		{
			"name": "ActualizarEquipos",
			"request": {
				"method": "PUT",
				"header": [],
				"body": {
					"mode": "raw",
					"raw": "{\r\n    \"id\":5,\r\n    \"nombre\":\"Los Matadores\",\r\n    \"edad_minima\":12,\r\n    \"deporte_id\":4\r\n}",
					"options": {
						"raw": {
							"language": "json"
						}
					}
				},
				"url": {
					"raw": "http://localhost:3000/DWS/actividades_deportivas/ejercicio/equipos.php",
					"protocol": "http",
					"host": [
						"localhost"
					],
					"port": "3000",
					"path": [
						"DWS",
						"actividades_deportivas",
						"ejercicio",
						"equipos.php"
					]
				}
			},
			"response": []
		},
		{
			"name": "Equipo sólo un parametro",
			"request": {
				"method": "POST",
				"header": [],
				"body": {
					"mode": "raw",
					"raw": "{\r\n    \"equipo_id\": 2\r\n    \r\n}",
					"options": {
						"raw": {
							"language": "json"
						}
					}
				},
				"url": {
					"raw": "http://localhost:3000/DWS/actividades_deportivas/ejercicio/equipos_alumnos.php",
					"protocol": "http",
					"host": [
						"localhost"
					],
					"port": "3000",
					"path": [
						"DWS",
						"actividades_deportivas",
						"ejercicio",
						"equipos_alumnos.php"
					]
				}
			},
			"response": []
		},
		{
			"name": "Edad mínima",
			"request": {
				"method": "POST",
				"header": [],
				"body": {
					"mode": "raw",
					"raw": "{\r\n    \"alumno_id\" :1,\r\n    \"equipo_id\":2\r\n}",
					"options": {
						"raw": {
							"language": "json"
						}
					}
				},
				"url": {
					"raw": "http://localhost:3000/DWS/actividades_deportivas/ejercicio/equipos_alumnos.php",
					"protocol": "http",
					"host": [
						"localhost"
					],
					"port": "3000",
					"path": [
						"DWS",
						"actividades_deportivas",
						"ejercicio",
						"equipos_alumnos.php"
					]
				}
			},
			"response": []
		},
		{
			"name": "2 años más",
			"request": {
				"method": "POST",
				"header": [],
				"body": {
					"mode": "raw",
					"raw": "{\r\n    \"alumno_id\":11,\r\n    \"equipo_id\" :3\r\n}",
					"options": {
						"raw": {
							"language": "json"
						}
					}
				},
				"url": {
					"raw": "http://localhost:3000/DWS/actividades_deportivas/ejercicio/equipos_alumnos.php",
					"protocol": "http",
					"host": [
						"localhost"
					],
					"port": "3000",
					"path": [
						"DWS",
						"actividades_deportivas",
						"ejercicio",
						"equipos_alumnos.php"
					]
				}
			},
			"response": []
		},
		{
			"name": "Equipo completo",
			"request": {
				"method": "POST",
				"header": [],
				"body": {
					"mode": "raw",
					"raw": "{\r\n    \"alumno_id\": 15,\r\n    \"equipo_id\": 1\r\n}",
					"options": {
						"raw": {
							"language": "json"
						}
					}
				},
				"url": {
					"raw": "http://localhost:3000/DWS/actividades_deportivas/ejercicio/equipos_alumnos.php",
					"protocol": "http",
					"host": [
						"localhost"
					],
					"port": "3000",
					"path": [
						"DWS",
						"actividades_deportivas",
						"ejercicio",
						"equipos_alumnos.php"
					]
				}
			},
			"response": []
		},
		{
			"name": "equipo con jugadores",
			"request": {
				"method": "PUT",
				"header": [],
				"body": {
					"mode": "raw",
					"raw": "{\r\n    \"id\":3,\r\n    \"nombre\":\"El Equipo\",\r\n    \"edad_minima\":12,\r\n    \"deporte_id\":4\r\n}",
					"options": {
						"raw": {
							"language": "json"
						}
					}
				},
				"url": {
					"raw": "http://localhost:3000/DWS/actividades_deportivas/ejercicio/equipos.php",
					"protocol": "http",
					"host": [
						"localhost"
					],
					"port": "3000",
					"path": [
						"DWS",
						"actividades_deportivas",
						"ejercicio",
						"equipos.php"
					]
				}
			},
			"response": []
		},
		{
			"name": "Edad inadecuada",
			"request": {
				"method": "PUT",
				"header": [],
				"body": {
					"mode": "raw",
					"raw": "{\r\n    \"id\":5,\r\n    \"nombre\":\"El Equipo\",\r\n    \"edad_minima\":21,\r\n    \"deporte_id\":4\r\n}",
					"options": {
						"raw": {
							"language": "json"
						}
					}
				},
				"url": {
					"raw": "http://localhost:3000/DWS/actividades_deportivas/ejercicio/equipos.php",
					"protocol": "http",
					"host": [
						"localhost"
					],
					"port": "3000",
					"path": [
						"DWS",
						"actividades_deportivas",
						"ejercicio",
						"equipos.php"
					]
				}
			},
			"response": []
		}
	]
}